parquet_file,row_idx,source_class,label,valid,width,height,format,mode,file_size,sha256,error,keep
train_0.parquet,2700,4,1,True,270,270,JPEG,RGB,19704,1c0dda4ad26e0a747db424983645b60484aab7cbceb728e2da34511b1566e2f0,,False
train_0.parquet,3722,3,1,True,320,320,JPEG,RGB,39342,16cd5d2e6be40863d689b777c62dcd7835940d672bede8978b8339726431b597,,False
train_0.parquet,4068,4,1,True,270,270,JPEG,RGB,19766,3182c0e9bb94a0de4638a25f62a6335e02a458fea18cd8870d9ecdb31bfd34f9,,False
train_0.parquet,4171,1,1,True,320,320,JPEG,RGB,32183,3d42f4b4d5b04ee31cc62d547668d29ba4bcdd270dd25c12388a9c90a1eb17ad,,False
train_1.parquet,647,0,0,True,640,480,JPEG,RGB,43782,c499afb5eec244a073e03b9c4ad2277363c27639cd49c952c5a8a52c237d3875,,False
train_1.parquet,882,5,1,True,320,320,JPEG,RGB,21648,d2608ddac8eb270acb6d92361b2cbe5cbf12af44dc73f901d9999860b18cdb78,,False
train_1.parquet,1147,3,1,True,320,320,JPEG,RGB,37787,5f1263340b0a983d69ebc46c1a9354bf0ba7910516fbd11dae1df0197cd4cd1c,,False
train_1.parquet,1278,0,0,True,640,480,JPEG,RGB,74589,f902b1c8b4ef52a180d428dd69980330979faf09400dc58beb2c16570b442096,,False
train_1.parquet,1286,5,1,True,320,320,JPEG,RGB,37390,8e8f1d4cc1e45d247cfe55ab8c5d632dd6396e187e6d6ad97333cedd2c9906c8,,False
train_1.parquet,1725,2,1,True,320,320,JPEG,RGB,17724,f38293303f5dad6f58f09c1fa572ed5f9aac4ff843bc126c00f2c5b0519bf419,,False
train_1.parquet,1732,5,1,True,320,320,JPEG,RGB,27643,6c19f15de1ed121143cfc84629277d0fd04b11a7c986f0f9ac7a44bb278833f7,,False
train_1.parquet,2028,5,1,True,320,320,JPEG,RGB,26901,a65a21ef29dcdd8036190a63d4bad996065ab91e99bef92cce01e9a2f0850cf4,,False
train_1.parquet,2608,3,1,True,320,320,JPEG,RGB,15548,b73dc4245b91f7f4e13a0fc28a1fcfbb6e5a37bfe7cd07753d54aa6f9867f25c,,False
train_1.parquet,3330,0,0,True,640,429,JPEG,RGB,39903,7281eaea09496c8d54c308140fc137597d40d524649e2220de52328a641680c6,,False
train_1.parquet,3437,0,0,True,640,428,JPEG,RGB,56466,47c9df100f06f99d4ee0b5df0b6fa239c648b74e2d1ce379db9172ab99871214,,False
train_1.parquet,3628,0,0,True,640,426,JPEG,RGB,64268,f3dae48ee60e1e17145c75151a506fc37bb285c1f87c826f5cdc53cd1b57f3cb,,False
train_1.parquet,4020,1,1,True,320,320,JPEG,RGB,27138,8fa26023b9e77b0681dfe773bd112177e8723b54213f9082e8350a1a5b588714,,False
train_2.parquet,44,0,0,True,480,640,JPEG,RGB,41850,8f0de89b356a1d886c5adfc4156cd2191abec7aede2de72c60abad90e143c3a6,,False
train_2.parquet,89,1,1,True,320,320,JPEG,RGB,23079,4e0c80e110c457d8e01604d4e08b50dd1d12e2e78d7c060d8c7bf9b686b76ba8,,False
train_2.parquet,139,3,1,True,320,320,JPEG,RGB,35799,9f7c188710cc04713e9f84d8e2ae6c1564e95741eb6f587752c223841ca6ed1a,,False
train_2.parquet,195,5,1,True,320,320,JPEG,RGB,22055,9d1667a1cf702d40a4b494c99bf1b0b636da34f31248df1b5d785309a382c8a7,,False
train_2.parquet,219,2,1,True,320,320,JPEG,RGB,26163,6439f3899e1df3cafa2ca85ffb177f9ccc363616ca921da71ddc1dfa3f5d7bc3,,False
train_2.parquet,244,1,1,True,320,320,JPEG,RGB,45075,2a1d128077355351555e29a437c335a4ca5777458fbfcad9b404355a5742803d,,False
train_2.parquet,294,1,1,True,320,320,JPEG,RGB,26823,ec48ce3acda87bb594dcf4a7213fef8bed5f3cff9d62d6eac6a151e43c625240,,False
train_2.parquet,553,1,1,True,320,320,JPEG,RGB,41958,e3efdba282cba54b84f6bf5d652abc216b7c688d978f1d8d6ab8882883d8645c,,False
train_2.parquet,615,0,0,True,640,480,JPEG,RGB,90966,b32ce8a0cee53d6c52eb8d11818628ca09338fe2c22b21f6b21da118e5de8c2d,,False
train_2.parquet,710,3,1,True,320,320,JPEG,RGB,35950,9856e4593333db622f4cd40ea86b17bf18db72b84688dd29423bc885ce90df7f,,False
train_2.parquet,732,0,0,True,640,468,JPEG,RGB,61146,d76afaad725c1293194517c18ea867a26a6da43bdd81970cdeb5d9c9be461bd1,,False
train_2.parquet,872,5,1,True,320,320,JPEG,RGB,24838,a39f4f804ee1724bd4b0d1797fdfc34ced06ae3ce448c77982d4075a59867af5,,False
train_2.parquet,1837,0,0,True,612,612,JPEG,RGB,31419,9640a8a5c8c5b8c2127e60fba4626a41bc1dc5a69e9a2b041a3a43baf0c64337,,False
train_2.parquet,2024,0,0,True,640,360,JPEG,RGB,86969,10059c0ab6a4e2df286cf3f12201a7ae871f04e51b2414c51366e9f9ca4c3263,,False
train_2.parquet,2032,1,1,True,320,320,JPEG,RGB,5188,84898956468e0d1b2084cde8a991b70cbf244623e608d754685d679306f3f189,,False
train_2.parquet,2599,0,0,True,500,325,JPEG,RGB,12996,7e7505ca386e30514a0b4e9b7011d3f50b320b77f90355380ae95dc993d4ea1a,,False
train_2.parquet,2717,3,1,True,320,320,JPEG,RGB,28280,ca27ef2a4d7409f642a6b578efd0b330d5e0eb5eb971c97cf5718d7b9f78ca42,,False
train_2.parquet,2746,3,1,True,320,320,JPEG,RGB,31664,062a59495a01488c404c4a2246ac62251f7bb0e3072107d7f5245b974ab1d81a,,False
train_2.parquet,2785,1,1,True,320,320,JPEG,RGB,30490,8576d2704bb423c44307ee47bfdb9e7ac7b6e9e1bdf5fbb1e4f2e5a03d683a65,,False
train_2.parquet,2878,2,1,True,320,320,JPEG,RGB,32411,1193dbb13f2d184f272d227bfbb5e35bb1c16998ac432da83a15e2e4815c02ed,,False
train_2.parquet,3126,1,1,True,320,320,JPEG,RGB,46125,4bc00979ce6c9416dc3a0a258092246c68d83f3db632c50003af82585cf5f4fb,,False
train_2.parquet,3489,2,1,True,320,320,JPEG,RGB,22066,80c333918c1488ea6779074e4a79cbfb32a8c65b6f1b197eddd4a3215f0757a8,,False
train_2.parquet,3526,1,1,True,320,320,JPEG,RGB,27207,32d3f2b85d3f3bbde22e99f2842b299ac4f0d47cdc6bb5d67edb85e81a874ecd,,False
train_2.parquet,3638,4,1,True,270,270,JPEG,RGB,17702,9ecfe3667fca71f95cbc9c1f10b6c7cf239eaba1da6546bc886d200c1fb7cce5,,False
train_2.parquet,3689,5,1,True,320,320,JPEG,RGB,27794,d70a24ecf511511f6e0aee9ee1edf5747255d6d36ac77932c100ba7849604dbb,,False
train_2.parquet,3691,1,1,True,320,320,JPEG,RGB,37801,d6295d9ddd649837bb1835365ecf1a7353441d85a210f28743be72a82be7e8c8,,False
train_2.parquet,3752,1,1,True,320,320,JPEG,RGB,35239,afeba603d0e2b666e7c880ebbc73dfa378995c03ae977c21c72caa67970625cc,,False
train_2.parquet,3834,5,1,True,320,320,JPEG,RGB,26169,30d8722d6c91aa79b453e21ba59596f5c0cf0eed25abd27cf5fa3060036aeecd,,False
train_2.parquet,3969,3,1,True,320,320,JPEG,RGB,21419,f7ecb06afa835e76d1da74ad3403e36d28b09f2fb9cae7874a233ec2f8a38875,,False
train_2.parquet,3996,3,1,True,320,320,JPEG,RGB,16133,9be25683b18a9f108b6e43fe5fdcd8e87c8da1486c8e9df0662d845fa4c6c035,,False
train_2.parquet,4151,4,1,True,270,270,JPEG,RGB,13718,c87a20f218022910a9e2694f768650d22e79216a52729b5983a5e48d27c639d0,,False
train_3.parquet,69,3,1,True,320,320,JPEG,RGB,49379,2217487bd1d896b45748db3a0ff28928f351616746086462952a22fac800a945,,False
train_3.parquet,108,2,1,True,320,320,JPEG,RGB,16948,e981465a47bcf51b73be651a8e3c7cf3aaf8c4566969a70c69a93dff75686ebc,,False
train_3.parquet,225,2,1,True,320,320,JPEG,RGB,22575,94250c08de1bb34b61fdd84ac421800066cbdfd47781caa5275fe502bc9f277e,,False
train_3.parquet,277,1,1,True,320,320,JPEG,RGB,48656,7d8a7c9c42604dc75a3ca3d48cc4a5ff5405cad947a98feba8390f433f1f2f92,,False
train_3.parquet,396,1,1,True,320,320,JPEG,RGB,33090,37d0124c3e34d99fee2e89c95059208581f7d5bc1316f2dbf4c551f08c5bfc6a,,False
train_3.parquet,411,0,0,True,500,333,JPEG,RGB,55467,ca973882e7d6706c8b6e5bab6810dee4169c469ce30e82647a1488bf34dba376,,False
train_3.parquet,421,5,1,True,320,320,JPEG,RGB,27794,d70a24ecf511511f6e0aee9ee1edf5747255d6d36ac77932c100ba7849604dbb,,False
train_3.parquet,522,2,1,True,320,320,JPEG,RGB,37278,c6f72d004d0e5ed32694741a7c7ed9d480d687fb67e2ca8e7653eec65bcd312b,,False
train_3.parquet,718,3,1,True,320,320,JPEG,RGB,38755,144adf4bc2b0e0b7e5e4c5f7510d95ce52f11e0a0cff62ba329aa344c1c2b050,,False
train_3.parquet,743,2,1,True,320,320,JPEG,RGB,24535,f51b4fee82e6d6b1dc4b1bdde67e7d19314f3defdd86b5048ba9b1d46170ca93,,False
train_3.parquet,927,5,1,True,320,320,JPEG,RGB,27756,35f914a3c273649b9b791bd8d0a32227048f812270c8f62ac3e5f9c44dcdac07,,False
train_3.parquet,1005,5,1,True,320,320,JPEG,RGB,34510,53663876c533a57d9f33f0fe10640c337e842d7f0c3856760dbed7ba348fe8a4,,False
train_3.parquet,1220,4,1,True,270,270,JPEG,RGB,20622,bbfba71d7a44067d368e89051706d89259c3d32279e80eb8ea61daf414603e33,,False
train_3.parquet,1287,0,0,True,480,640,JPEG,RGB,81213,800e57ab9aba47aba481e388ee36e87b596d1eefdd2f95643273d58affc9d5b8,,False
train_3.parquet,1318,4,1,True,270,270,JPEG,RGB,14585,2a50446843533e9a95338ebb29314a6f6f50a1a10a5d433cfd69d171206fac88,,False
train_3.parquet,1442,3,1,True,320,320,JPEG,RGB,22838,67986287363957f1d51adf6e6fbaf6ab9a4ca6aec87bca57163a678f422211b0,,False
train_3.parquet,1555,5,1,True,320,320,JPEG,RGB,21630,49fc5603346541d8a27c3e57d354f0e1cc4265f7e779434bf374b9762e6b6efb,,False
train_3.parquet,1670,0,0,True,565,640,JPEG,RGB,28603,9b23c6db84da18d0b1f03842ec2bca1cf8c1a182fff4dc170304712adc211f03,,False
train_3.parquet,1758,5,1,True,320,320,JPEG,RGB,21951,3f7e7f95c475e079b0c3a97933dea1ff7bf0fc62e224857973f7f6626bbb05f8,,False
train_3.parquet,1840,0,0,True,375,500,JPEG,RGB,33687,dfde7301d5f67cecfa15ef90b9ece280a02ae64ec5316142ee95b617522da694,,False
train_3.parquet,1844,2,1,True,320,320,JPEG,RGB,24302,24b6c3d7b2fb5d39893318d73318cb32b08a6668b481286a73928476db7bcbf5,,False
train_3.parquet,1910,3,1,True,320,320,JPEG,RGB,45278,a6f08b57f6d5dbc267af6c94184a148c85b0edf307ff626dc59b02e6856ef3fe,,False
train_3.parquet,1957,3,1,True,320,320,JPEG,RGB,8187,7f1ef063a6ceb059308912cef307408198e64ce40d9bbd451abadc929e586f3d,,False
train_3.parquet,2030,4,1,True,270,270,JPEG,RGB,10314,6d9184a721c0ed39b6cb6ab695d1f25fa736eda0e778607cb2165f3570b422da,,False
train_3.parquet,2748,5,1,True,320,320,JPEG,RGB,26949,b2ac4dd9f4eb8b473b77de8e3179ebbbe8d8305b995feeebcedc8e3a201da75a,,False
train_3.parquet,2801,4,1,True,270,270,JPEG,RGB,21180,aa5c799acedc00fe0a3a001f74c7852e62b97e59abe4c2e6319139e1934958db,,False
train_3.parquet,2864,5,1,True,320,320,JPEG,RGB,31909,2e15d821ac22f1d7954ed2405fdd79d775be59abf8670e2edb653c345aab755d,,False
train_3.parquet,2921,1,1,True,320,320,JPEG,RGB,34764,e5309b28258b2e04bb94e7e540beb1375e416b1523d5369230b4ce227dd0a08a,,False
train_3.parquet,2966,3,1,True,320,320,JPEG,RGB,30580,5f0b0966da0629e345b11e79c9f672d67b6d8cd5ea5ff87940b861335cc1386d,,False
train_3.parquet,3023,0,0,True,640,640,JPEG,RGB,17381,2691a14a226405119421fd339b2408e7bf6b46f4a2252975cc828239aa166051,,False
train_3.parquet,3107,1,1,True,320,320,JPEG,RGB,40597,2b19659a4789d48e48497ace80dad33bddc25eead93b827690c7d0d10b5d6843,,False
train_3.parquet,3214,1,1,True,320,320,JPEG,RGB,34777,8ded72553b83695ed9fd4fd480481cdf5b48eacd56db4f8f8d1b57219fc499d7,,False
train_3.parquet,3524,4,1,True,270,270,JPEG,RGB,13234,27c43f7675628087de3363028f208c7adae19493cdc9a94578bf25f9e1314012,,False
train_3.parquet,3661,2,1,True,320,320,JPEG,RGB,35080,f96d2a803999e34de02009394680e3bc235c7396f3869639de55e0d33d10ccda,,False
train_3.parquet,3692,4,1,True,270,270,JPEG,RGB,14432,f61eeef15a1371aa3fab3284e699a7d191a40ce94898087f110a8cb934539a48,,False
train_3.parquet,3695,1,1,True,320,320,JPEG,RGB,39751,6f276050b4f8a496290d00ba8671cc9ef5a0017e2ef1df99c195e52ade51d46e,,False
train_3.parquet,3785,4,1,True,270,270,JPEG,RGB,15093,12ddad630c1d7b5c5510fbeba166839c6437872269ff9bd8f36519e010b1f205,,False
train_3.parquet,3848,4,1,True,270,270,JPEG,RGB,17241,954c3ee33a716f3851c236e968fd1ece381c7951fab35ac992e1530cdbc3f7bd,,False
train_3.parquet,3917,0,0,True,640,426,JPEG,RGB,55253,c7bead6776fd9404d694fd140a0f8b6a7ccd7f2e725aef453af3cfd0ccdf1296,,False
train_3.parquet,4175,2,1,True,320,320,JPEG,RGB,22008,9b2af912c603fc96c2b0465809d118442df52b0bf71fa68b0584f81c316b4efc,,False
train_4.parquet,106,5,1,True,320,320,JPEG,RGB,15511,b13b46b5554f2cd4563f8e8de65c248d6e45aef2c9094fadd6f598a24af85bfa,,False
train_4.parquet,247,2,1,True,320,320,JPEG,RGB,29131,69a0727512a6b80e120f9768ee0184fc23675dd3a53bd2f992a3cc22a022de58,,False
train_4.parquet,256,5,1,True,320,320,JPEG,RGB,25131,d2fcfcbe63908552dd93a8038c0cab7ce23bc4322bc904c42c18cd86d4b2f67e,,False
train_4.parquet,286,1,1,True,320,320,JPEG,RGB,38572,24325e44d4898dcc7a32664777d4fa6cd86a3b8dd8c013cdd17421c415fbc7a9,,False
train_4.parquet,296,0,0,True,480,640,JPEG,RGB,94648,b81b906578fa84d40708efa9c63532b7cabc7362825d0eb1389ea26c25075614,,False
train_4.parquet,352,5,1,True,320,320,JPEG,RGB,25536,c4e63dea86c4344b95119eff4e7ba99c953b42e179194442f28b9c3b4c66e286,,False
train_4.parquet,373,2,1,True,320,320,JPEG,RGB,34803,eeeb311eedff845f406f40c1ce9172361f7cbe24418054be46463aab48421431,,False
train_4.parquet,470,3,1,True,320,320,JPEG,RGB,14617,b078edb95335900bfdb686bb229e07404ebd4e6a327c8cfcd95d8585d67df61c,,False
train_4.parquet,521,0,0,True,640,429,JPEG,RGB,70534,6b49b9b5d4d5fe02a5e237e9abea04bae255f62305550e05cf2cddff08f93f95,,False
train_4.parquet,619,1,1,True,320,320,JPEG,RGB,38405,926d0bb95587a4054de40d72be28f6c17a71a473eca95d6c664f7220e79b367e,,False
train_4.parquet,786,1,1,True,320,320,JPEG,RGB,36906,b7ea9c5b68067adab0a34c3f6429c005214a9614e247d849de5b5716482e9e10,,False
train_4.parquet,881,2,1,True,320,320,JPEG,RGB,20919,37e901843002cda0ebd98cfc4dbe4077272a62498f70f935f9dabf8ef1475d0c,,False
train_4.parquet,1067,0,0,True,427,640,JPEG,RGB,45198,baa93e56fca8fafd688ec13c46ffaf19d0b14ba03fd3ed0c3414ad62c3ad9b1e,,False
train_4.parquet,1077,2,1,True,320,320,JPEG,RGB,22173,354a256130a2541e85b0480159127dc4127733a296ff0d79e42a1b6f88777bab,,False
train_4.parquet,1151,3,1,True,320,320,JPEG,RGB,25813,3d197bac7dc40154679aa2c464d399377d173b72a601cab8d57755c3a90fff6b,,False
train_4.parquet,1290,0,0,True,640,360,JPEG,RGB,86969,10059c0ab6a4e2df286cf3f12201a7ae871f04e51b2414c51366e9f9ca4c3263,,False
train_4.parquet,1391,3,1,True,320,320,JPEG,RGB,40477,bc0636e66b26843edcb4ccc4bc88d3cc09fc5a08428a399379754410f3b723c9,,False
train_4.parquet,1430,1,1,True,320,320,JPEG,RGB,25610,775c1a35cbdab22e21174680fe8b9fe25173479b40727c36a9a7fc40b0575059,,False
train_4.parquet,1470,1,1,True,320,320,JPEG,RGB,43841,ffead06628f67d0b222f5e93fe8504b9fff3f1924e7e517c9618de0e96b20ab0,,False
train_4.parquet,1512,4,1,True,270,270,JPEG,RGB,4357,e6c5a7d58446a34beb72173ee74d83af5ca2176676883b92d1c6b59512affbc7,,False
train_4.parquet,1567,0,0,True,640,478,JPEG,RGB,49875,0f8bf74d2e2c9b87e2a4c337c68c78c32e5cf4fe3c4f3b92f943cb77fb8723c8,,False
train_4.parquet,1570,2,1,True,320,320,JPEG,RGB,33214,fd957a85125de183f7758015ed1555868e8619fef46af9b7a1e4a6cb865da841,,False
train_4.parquet,1668,5,1,True,320,320,JPEG,RGB,19131,16a32096dae4633d795890b3124d7309cc01327d2238f27bf1fb34c7d1759d55,,False
train_4.parquet,1708,1,1,True,320,320,JPEG,RGB,37424,e957835ca97d1e46adc6a9a259def61f05cf7e1161b8f1ad209d8d2ab9e0c13d,,False
train_4.parquet,1848,5,1,True,320,320,JPEG,RGB,25973,1ccdf5032853283477a1365aa638dfc477a54d3289c45b1bda0f62cf7e58eb49,,False
train_4.parquet,1896,3,1,True,320,320,JPEG,RGB,33814,afda751428368f23284501cbeae074dfffebfc3c906268048f6403938f5d310f,,False
train_4.parquet,1983,2,1,True,320,320,JPEG,RGB,29103,ee02fb8729dfec4d37cb14474cdd0e50de1eb34c84c4ad813efb4d704b409a24,,False
train_4.parquet,2063,1,1,True,320,320,JPEG,RGB,40973,79d8feb3e9b7a528f5fd9d562dfd617814bf7a5f1d35bd3cca2e688d896f27a5,,False
train_4.parquet,2070,3,1,True,320,320,JPEG,RGB,45920,609bdfce02ca6cf849074b8c7b0c540d0c9619a224140bcb84817c03837841e8,,False
train_4.parquet,2135,5,1,True,320,320,JPEG,RGB,27119,52dbd6420762de860c12e1c48fdfde5da4f17864bed1167021219da70e3a2486,,False
train_4.parquet,2143,4,1,True,270,270,JPEG,RGB,16394,c59882812b567dce3916879a7bffb394fef0ad1cb15424306b1099381f438a5a,,False
train_4.parquet,2179,0,0,True,640,427,JPEG,RGB,58983,c7e718f0b462dbc1fe94eebc44b23ecae6673cba19c1b78833ddd9888585f03b,,False
train_4.parquet,2208,4,1,True,270,270,JPEG,RGB,15588,fcbfc9bafb3d379668028bc851a23f8120473e15269c705809c17ff115315b36,,False
train_4.parquet,2364,3,1,True,320,320,JPEG,RGB,39530,82be0186aec24be613a3b7135956a675d94a29246a77e647a2eb0b9de91c5b7d,,False
train_4.parquet,2420,0,0,True,640,420,JPEG,RGB,47754,55be76a8fbfa26abaa1f991bb25624dfbe1a2ad2bb1b446224f2814452f7d3b4,,False
train_4.parquet,2552,2,1,True,320,320,JPEG,RGB,38677,846d0e3aa302ebc5b46c24f80ba06ad63355b32de97dbf622b0a001343951bd9,,False
train_4.parquet,2612,5,1,True,320,320,JPEG,RGB,15869,3e8b0af8fda1bc82fe65a7a6ddd55d04721daca80f9a476d0bc81cda0e9ba084,,False
train_4.parquet,2641,2,1,True,320,320,JPEG,RGB,19835,1eeead89da6fc3666aaa76ca456f6db2d66a0ec83d1e280d58d32e0b191c8bd7,,False
train_4.parquet,2663,5,1,True,320,320,JPEG,RGB,30226,5fa0deb8e635b5622c13541fca8f43dd8ca3431fc5e48333b2eb2d267f8d3678,,False
train_4.parquet,2694,5,1,True,320,320,JPEG,RGB,31464,767e007447a73d2005aa64f0736b4a23c81850bf7cd8b295ea9efebd313f9761,,False
train_4.parquet,2745,1,1,True,320,320,JPEG,RGB,44899,5f058e41b93ac1df1803f189402f906d5327050895ee4c88dcba732ac519a447,,False
train_4.parquet,2811,0,0,True,640,427,JPEG,RGB,51503,698c4f4bcfae5360926a5036a58c584f8f428e90eabdb02ce79559343ec9756b,,False
train_4.parquet,2848,3,1,True,320,320,JPEG,RGB,44937,5f91145082d190728ff47e036d58167488d4b534a21877aeedf6b86198e72ff3,,False
train_4.parquet,2905,1,1,True,320,320,JPEG,RGB,16619,0dbdf6e9010fe17cfec4ee054d1a055fc0de52b3457f39d25db944af03d5958e,,False
train_4.parquet,3111,0,0,True,640,423,JPEG,RGB,90473,c78e5d72d3fbd0564c7f8cd227bc439b6f9d2921d4cc25f259a44fe8bbc44d9f,,False
train_4.parquet,3230,2,1,True,320,320,JPEG,RGB,18299,37881f31a170168a25aae60a8519c6b3334e8deb7025d10aae636a452223d305,,False
train_4.parquet,3252,5,1,True,320,320,JPEG,RGB,11472,0551d26f1cce8fe0df7bf5a7351c6128b5024947cbfab32dcb0d5e04a11341fc,,False
train_4.parquet,3267,5,1,True,320,320,JPEG,RGB,21892,023fc0f3cf5b10630e0a78a5447803dd79e0fc4ad547e2540fc3a23472abcb3a,,False
train_4.parquet,3482,1,1,True,320,320,JPEG,RGB,37424,e957835ca97d1e46adc6a9a259def61f05cf7e1161b8f1ad209d8d2ab9e0c13d,,False
train_4.parquet,3500,2,1,True,320,320,JPEG,RGB,26060,4c7ad7d5132bc72c3e5190d43c0ee32e895fad5dcba5d2c469462441bf9fff68,,False
train_4.parquet,3514,3,1,True,320,320,JPEG,RGB,50224,58131f011bb146b5ac6ad6fe4f2171c0da2acc94a1369b3393d2fb38a68d0754,,False
train_4.parquet,3623,5,1,True,320,320,JPEG,RGB,27119,52dbd6420762de860c12e1c48fdfde5da4f17864bed1167021219da70e3a2486,,False
train_4.parquet,3670,5,1,True,320,320,JPEG,RGB,20019,bd96e6063f9d0bce30eb95e7275604deae3967c1ba5f16bb8c526ba3acb8bd03,,False
train_4.parquet,3688,3,1,True,320,320,JPEG,RGB,34119,b55f12092554a5153a303fdbc02a79173715f6ba67c67e4c02666dc05dfb3c59,,False
train_4.parquet,3711,0,0,True,640,480,JPEG,RGB,47108,050c808574ddfd31bad9b0bddc7a93d59ad6086f0bd40ec58c96a25938772246,,False
train_4.parquet,3745,5,1,True,320,320,JPEG,RGB,21363,1223f63172f6609b667f8e38610c904217b0e9c2de95eb81f45dc80e26bb4565,,False
train_4.parquet,3908,1,1,True,320,320,JPEG,RGB,13166,09f22c7ed3f6733b2477d08b1079fb1deb1b9e83997d47ec9a73c8e76535516c,,False
train_4.parquet,4170,4,1,True,270,270,JPEG,RGB,15988,f52f11536d739e4c64ba1e2cf396cff4950d1449f30ac7bf95941aea4038f6b3,,False
train_4.parquet,4195,5,1,True,320,320,JPEG,RGB,25227,4a264ebd7edb9db2491c0260723d552f20f8dfc1d316ddc6285e3f891e700437,,False
train_5.parquet,87,3,1,True,320,320,JPEG,RGB,37542,79124e81e5ef10e8559c44fad6aee6e385fe2fc261963d25d65b07a225ee2081,,False
train_5.parquet,117,5,1,True,320,320,JPEG,RGB,32411,2308aeba7405928d73a22c355ea6ee94df6b2074a08944ce910a67e7a554b9d1,,False
train_5.parquet,133,0,0,True,640,356,JPEG,RGB,29968,b7d3a4292cb9a8e8ba101b4e17eaabcac634cb83347e7ed3df96ed66cf4d497d,,False
train_5.parquet,151,4,1,True,270,270,JPEG,RGB,18425,bb3b09f655ec439e1e35a40abd69fabb46fe92ecefcfb26c15eb15158301f3da,,False
train_5.parquet,171,0,0,True,640,427,JPEG,RGB,62860,7cc7dbb29dea8e40b4f3cf5ce737bab5f35200976bb6605bf03ac03f22b6ebfc,,False
train_5.parquet,213,5,1,True,320,320,JPEG,RGB,35950,84876f6f03f8ac0deaa69763601f6332cc75d3432fd9f7c4ea4ba22fb0df0bc4,,False
train_5.parquet,217,3,1,True,320,320,JPEG,RGB,26773,c282091eb64e9b98f58b539e09b2ca9cfc8e5a91a14f50065d9b43b89ebee9fc,,False
train_5.parquet,223,5,1,True,320,320,JPEG,RGB,28616,909188242494c2e3d4532f2569c4c0648b504150e0ffa21026bc8731427af72d,,False
train_5.parquet,341,3,1,True,320,320,JPEG,RGB,23197,60f0845d989afe551f263466330f2042dd4a981a6f77a4f4ae433da9c37c6010,,False
train_5.parquet,375,1,1,True,320,320,JPEG,RGB,20749,c7f14ce01e4a22cb99f9101d78a5b9fbc70676c061bc493b10efc2fde7051848,,False
train_5.parquet,415,5,1,True,320,320,JPEG,RGB,32775,7c241ed22fa044cbb3a7a761c0cd05152c630cbdfe0482c2283f0f30de4fc213,,False
train_5.parquet,624,0,0,True,427,640,JPEG,RGB,48467,c2882a2643f6754b0af0e486e2a995f7a9c55d0878a0919c28d2804c088b9f12,,False
train_5.parquet,636,3,1,True,320,320,JPEG,RGB,20132,c9da35db948a4383b2830a2f8406afadde39dcba421e51b9f7c3a019a629949f,,False
train_5.parquet,808,1,1,True,320,320,JPEG,RGB,27219,1c08026114048c19cc6b271f6b14862f68999be3140e841944c13d0a76ff90e6,,False
train_5.parquet,827,5,1,True,320,320,JPEG,RGB,20884,6f820bcfa4878247b0467389a9a19ec314d9563be7d97f62e4f89a7f03172559,,False
train_5.parquet,848,3,1,True,320,320,JPEG,RGB,17310,37e87bd18e930e2bacd827af1bb463cbc9051c2bc7cde58198b8d031f0e36bf8,,False
train_5.parquet,905,1,1,True,320,320,JPEG,RGB,55746,27f913da5b4d6fa5604e0e02c245e853b8a786d30b7b38bd97671b1b565c6ab8,,False
train_5.parquet,910,0,0,True,640,403,JPEG,RGB,46919,ec4a140db435dfb3089a73b44ddae7771557174fde8bf1a1409d9ac50b1079dc,,False
train_5.parquet,911,1,1,True,320,320,JPEG,RGB,2872,d3124b05ee04726ad4afbc30b30fcafe917033ea38eede0d6bf41822c927c97c,,False
train_5.parquet,917,2,1,True,320,320,JPEG,RGB,19004,8e1a2bc22efa67fa832950eec8b69fc63dd236cd81758ebb908485501710d3e7,,False
train_5.parquet,1033,0,0,True,640,360,JPEG,RGB,86969,10059c0ab6a4e2df286cf3f12201a7ae871f04e51b2414c51366e9f9ca4c3263,,False
train_5.parquet,1055,4,1,True,270,270,JPEG,RGB,20435,4bc4428203e944c4eddb2b3bd119d9f3bcece6939cd1db42530f3dbee0e8781a,,False
train_5.parquet,1087,5,1,True,320,320,JPEG,RGB,16128,4df713400faaeddc647ac0de60a1f513bd9ec829f910eadb6074f411594ba371,,False
train_5.parquet,1095,2,1,True,320,320,JPEG,RGB,45662,8faad8c695b7b6df88d0bd80c80cb939416dc7df6205d8d1fc9199a27e23b74b,,False
train_5.parquet,1180,3,1,True,320,320,JPEG,RGB,46823,5019c842a413323e7d60a1a6cbf66cd5140ddb06559da0357b4754f89ef633b0,,False
train_5.parquet,1198,1,1,True,320,320,JPEG,RGB,4366,3731959f51943815122178a9ff73ba24abae4213d538a96a849bc21f3666213c,,False
train_5.parquet,1225,0,0,True,614,640,JPEG,RGB,87255,6d45a28a7ed301ee13c71112ef39821b6707c2bf2d8565fad688574b04cce6a4,,False
train_5.parquet,1233,1,1,True,320,320,JPEG,RGB,29953,478decd681fe549b248a253a77a128f52ea54cb33ce765a3839e31dc1aca0a97,,False
train_5.parquet,1359,1,1,True,320,320,JPEG,RGB,44448,3dcefd6b1c0e530a45c3f0cc0b5aa2085cace7bfe8efb7bab99d2964319f94da,,False
train_5.parquet,1406,5,1,True,320,320,JPEG,RGB,37740,1a24c9a7b058f607fbf253405e906fbceb30b66566ff31d095dee21f9df51a77,,False
train_5.parquet,1442,4,1,True,270,270,JPEG,RGB,16124,cee633ddbd2b6cb2087a66f3ebcc58d90a07900f7d0889dcf1137115f3feff5f,,False
train_5.parquet,1480,1,1,True,320,320,JPEG,RGB,21112,bfa1f84e1f76631610c3ab0ae1c93310c29a3bac4876ad177448fe0b1ab55e6f,,False
train_5.parquet,1482,3,1,True,320,320,JPEG,RGB,39096,646e7e77162cd1abda0710b451df1d8ee8b5fd7fdf15aa694608697a35b03284,,False
train_5.parquet,1545,1,1,True,320,320,JPEG,RGB,38363,897d3e900c8591b880b8cd65e32fdaa27fdeaf36e8f8bca38ccf4fd0927983cd,,False
train_5.parquet,1683,0,0,True,640,480,JPEG,RGB,81056,fcffbd61ad224a3be20a97afc96b1b99d3b5a4fac3fa43358a1c49342a78deb8,,False
train_5.parquet,1736,1,1,True,320,320,JPEG,RGB,35031,e84983887f35ae99f01d01481ec0a44e101760621aaa3c1c42103bc9ce04b2e5,,False
train_5.parquet,1774,1,1,True,320,320,JPEG,RGB,20204,5016d80cdeef62258121bf75cdb0eec64c3e935c0960562c69b8b09321b9342b,,False
train_5.parquet,1798,2,1,True,320,320,JPEG,RGB,30729,f134eaa6d58e96b179d7aaa0d2c23488ac8b949991c2ac6ba98bc8251a071eb6,,False
train_5.parquet,1851,0,0,True,640,478,JPEG,RGB,43455,5a4aeb1fe6b341442c4d03c87e04949ff4bea0bb70511ee4e4d5a1f1aa113f06,,False
train_5.parquet,1942,4,1,True,270,270,JPEG,RGB,13117,20c724d1e382dd1e05d873315f5afc4358ab7209586a6856ac6c905085cf4da2,,False
train_5.parquet,1989,3,1,True,320,320,JPEG,RGB,38756,3567b6bea9aa2f3658e3d189267e7d4186d0dad93fd9f4e1544b0ee0a132a046,,False
train_5.parquet,2032,1,1,True,320,320,JPEG,RGB,30421,d5574402a3c531f3de2950cbc23cb57024f12d0c30bea00fafd6a3f61b1e7300,,False
train_5.parquet,2084,4,1,True,270,270,JPEG,RGB,13521,d0180d4400f1b82d1dc9d0180018124a9a077df21638882689eb143cd1e7f092,,False
train_5.parquet,2140,3,1,True,320,320,JPEG,RGB,39576,a6ffd243ff66bd1b05a0e150e157ba4959e94401d01133b236343766766571dd,,False
train_5.parquet,2172,3,1,True,320,320,JPEG,RGB,34224,e5166a56d0e6b45c3f7254c33cb15b061a991aaa4326fc956ed4d5df41307186,,False
train_5.parquet,2257,4,1,True,270,270,JPEG,RGB,18336,7037a16a27dc5fd9b0148834433e69cbf0042d267b2e2e07bc7ef10f02def146,,False
train_5.parquet,2304,0,0,True,640,480,JPEG,RGB,77579,70440c620136df530ffb6a7e38e8857145e66e22256190062058db87f75d5980,,False
train_5.parquet,2366,0,0,True,640,480,JPEG,RGB,56242,0fd5e4e506009036e33504132cfb77940aa09a2deeb0df06606c9dc8469b7140,,False
train_5.parquet,2369,0,0,True,480,640,JPEG,RGB,26834,01910b8544a8d5118a169d0a011601f78c06ed31df6cd061391ded6b4b6ebacd,,False
train_5.parquet,2371,5,1,True,320,320,JPEG,RGB,21257,ec40e36bda74311145166f834920127ee9d0521eb60925c1c95291023e9f9f64,,False
train_5.parquet,2444,4,1,True,270,270,JPEG,RGB,22976,4819f2fa23ef9155b9f2f5c6c6ff8dba9caf6dac2785aeb95b0a8dcc857de6f6,,False
train_5.parquet,2487,3,1,True,320,320,JPEG,RGB,19299,620a8e61b175dc26cb86600cd0363a40d38e5e6742a119eabc82982f3549d2ac,,False
train_5.parquet,2835,1,1,True,320,320,JPEG,RGB,30548,47c71dc5c8aaf03462da58605522fbef64fd01bdee9b751853c34d157de52590,,False
train_5.parquet,2867,3,1,True,320,320,JPEG,RGB,3449,a0f4e3a3935dde9f0222daa7efc7e548f2a33f855695bea752be45192b683528,,False
train_5.parquet,2877,0,0,True,500,333,JPEG,RGB,42920,b6848b4fcb5516fe53ceff3f990270697fa32196d3323881a45006e4a2bd849a,,False
train_5.parquet,2883,0,0,True,640,428,JPEG,RGB,43217,cd9a4535ad399cdb18af5c8c26f21c274f1149acf2ce28f9071b37cbb10e7a53,,False
train_5.parquet,2960,5,1,True,320,320,JPEG,RGB,27267,0a0aeb332faee522e7df5a78f02479befd356a232240aab8b95e709b3f1918db,,False
train_5.parquet,2968,0,0,True,480,640,JPEG,RGB,63380,56be3656193669919cebe64695f71e2b91014a6ef20b8c9295bcbd77b19060f1,,False
train_5.parquet,3040,3,1,True,320,320,JPEG,RGB,48556,7adb77fe3e132e2658b40dabf8c5d46407132fa7fad2c263a784d85df2588645,,False
train_5.parquet,3097,5,1,True,320,320,JPEG,RGB,5990,c0f1a03705339c08705182bd5ed1dafc51ebfabe616b5f9e052e08e4f46f90c4,,False
train_5.parquet,3186,2,1,True,320,320,JPEG,RGB,21186,003eeca04207798d7ad6b7740fde369b693d3d02287bda1e9ae93b31b49794a0,,False
train_5.parquet,3201,1,1,True,320,320,JPEG,RGB,28129,8a0362f82bb15ab52982fd171171d84de4cc5b1c97ec9624ba2a0dbeb8915dc4,,False
train_5.parquet,3207,4,1,True,270,270,JPEG,RGB,12225,4d1d16b4ac1b13714243629a51f01dc311fb9b85442b57686a6b4b2e324ccdbb,,False
train_5.parquet,3246,2,1,True,320,320,JPEG,RGB,27847,2aeda19c45390ffe79cb24c4a30c1d2b279ab4913d5993adef38b7ee38614edd,,False
train_5.parquet,3327,5,1,True,320,320,JPEG,RGB,25310,5b4e500e2d67a4a9655979f138462c92f172764117dc4f5af0d4683d45277cd5,,False
train_5.parquet,3403,5,1,True,320,320,JPEG,RGB,25287,97a29662fa71d14ddb6b6bfdd39b3f9f413b4b5308212130b725e440a7794a0a,,False
train_5.parquet,3509,2,1,True,320,320,JPEG,RGB,29036,8613c5481bf8bde5044988de210b99cd65175840d5e4a23a4871ea15168ded1b,,False
train_5.parquet,3620,0,0,True,640,338,JPEG,RGB,24650,bbf7d7dd5a8bee6d491ca84506b1858227c7b3db3389196eb83beec624203f24,,False
train_5.parquet,3645,1,1,True,320,320,JPEG,RGB,24787,6b7f6ece56a86c1a6bde7b4456d57393b292d5f070506c51f3cbd837ca7aa7c0,,False
train_5.parquet,3709,1,1,True,320,320,JPEG,RGB,34575,d0c51f312a735ace27812e4128ed678208913eb0aa45c317bea62360e8bb181d,,False
train_5.parquet,3741,5,1,True,320,320,JPEG,RGB,30631,118c311baad92e628ca37d2c8967c526cc98f04fcddb4eba3114c45542c5fdda,,False
train_5.parquet,3928,1,1,True,320,320,JPEG,RGB,4205,b92835908aca8e31484caa1c3cb7c8bad677a839237171fb6d712503e2c14288,,False
train_5.parquet,3929,5,1,True,320,320,JPEG,RGB,25536,c4e63dea86c4344b95119eff4e7ba99c953b42e179194442f28b9c3b4c66e286,,False
train_5.parquet,3980,1,1,True,320,320,JPEG,RGB,27497,bd5ff89e526be4f3dea489e62a647d16142f38882cd8f06c717e691799929a8a,,False
train_5.parquet,4071,1,1,True,320,320,JPEG,RGB,40881,2f366def2c837514c92921d5c7640f1e45e9260b99c89b5558c08799b56c0a19,,False
train_5.parquet,4108,0,0,True,640,478,JPEG,RGB,60543,303f261cdb34942f00a0f7ae786d9f09fe0ddcab7b9fc9c7f4628836969bd219,,False
train_5.parquet,4131,5,1,True,320,320,JPEG,RGB,30226,5fa0deb8e635b5622c13541fca8f43dd8ca3431fc5e48333b2eb2d267f8d3678,,False
train_5.parquet,4148,4,1,True,270,270,JPEG,RGB,26000,b6c56bdae0262955370d911b89e9d990428b3e5ebe7621eb34795fc64844768e,,False
train_5.parquet,4222,5,1,True,320,320,JPEG,RGB,23347,57660dc7d54f930b0b63fc8896daadc415c94e9427ccf3e4c0ce1de8e8307150,,False
train_6.parquet,46,5,1,True,320,320,JPEG,RGB,21689,4091c791790522dd7ed8a4203ca13ffe8044152d40a2d2303b2077d127eee681,,False
train_6.parquet,112,5,1,True,320,320,JPEG,RGB,22641,63705f7e95ea740df421df6aea8f6820d000b622d936e2a27902438fca6b5e4c,,False
train_6.parquet,117,4,1,True,270,270,JPEG,RGB,21475,67208ce3a3721af74ca22fc25d29b690769affa65dbb507e2b48f2894d5746b0,,False
train_6.parquet,155,4,1,True,270,270,JPEG,RGB,17925,eb64eae221416be1c157eab28e9ce1d4f4f9cc7e831410ba1b61c1fd18d58c06,,False
train_6.parquet,175,0,0,True,640,640,JPEG,RGB,41183,fe6109fd22172506b1bc725515a881e857ddd24d1d4f68b69fb4f3f052f51d90,,False
train_6.parquet,239,3,1,True,320,320,JPEG,RGB,8031,e5acdeeea9fa4423c9def230c97ed28f9c0f8a709651cfeafc094b0a383e03f3,,False
train_6.parquet,242,0,0,True,640,425,JPEG,RGB,62383,e196e7ba7bccd7e6c4d2a28af5badcf829284017eb7b78fcb5a384bb6f9953b2,,False
train_6.parquet,250,3,1,True,320,320,JPEG,RGB,27064,ecd88a57a97da89cfe3a3f6151b20dcbbb32ee7d69d0bc8c21c4a43f7451e5a8,,False
train_6.parquet,310,2,1,True,320,320,JPEG,RGB,20875,7acbceb2f163cf29dd4cfb66f7910e5e5ceb3d647b25e4faab62bc2b56bbad91,,False
train_6.parquet,336,0,0,True,480,640,JPEG,RGB,20648,9f10332c123cc29a8b3be21d42ffb7ab9d0fa48daecaa140f5f5a1d9ec688c6f,,False
train_6.parquet,345,2,1,True,320,320,JPEG,RGB,17377,461b848984e1c12b3fe66e1018bda39b1580b39c3e3e04e6ac44e625441b20f7,,False
train_6.parquet,405,1,1,True,320,320,JPEG,RGB,22058,1bd0c7f5244adddb15052af5f13b547362af22d68e53c60c00fdf1888a558d0f,,False
train_6.parquet,432,1,1,True,320,320,JPEG,RGB,26476,4ea4bdd39c259aed451f044eb9f904469fc32d44f1109003ec1facf46b6fdf6b,,False
train_6.parquet,516,4,1,True,270,270,JPEG,RGB,19677,cb0967ebd3e89496b757a3d8813507f24382fe5bdee02a0ce8ac84fb2b08f48a,,False
train_6.parquet,556,4,1,True,270,270,JPEG,RGB,19375,ada27fdbcccf0e92360bd57e554374716a62749b3e1348f50fdbe1cd877f90d2,,False
train_6.parquet,747,0,0,True,480,640,JPEG,RGB,34334,de319f8d20f136fac79ca0aa028d0a39d6a924ad0789be5a7511df27c177394b,,False
train_6.parquet,779,1,1,True,320,320,JPEG,RGB,35307,bbed219816c305b0669ad2e2b4b853211c3ba8fe1d66ed4191918da30078274e,,False
train_6.parquet,814,0,0,True,640,450,JPEG,RGB,51308,28b07ad2bf0287b596d93bb5c4568851fd18b8d3295960c65da1efce716553d3,,False
train_6.parquet,854,5,1,True,320,320,JPEG,RGB,6169,4986de49b14b66436ee3c8702a9779cdc711e99eb1bdf9d0de95c676c6489d6b,,False
train_6.parquet,898,4,1,True,270,270,JPEG,RGB,14582,8380a77a43036374490628d427a6b62bf88152199de066dba29ed46ad79ba6e7,,False
train_6.parquet,988,0,0,True,480,640,JPEG,RGB,34801,05b1ec54674623f14350d202edc6da4606daeafcec6f1995d2a4b882a040d296,,False
train_6.parquet,990,5,1,True,320,320,JPEG,RGB,29834,6db2b46cbdd18ea71b66f0936f562b03c053dc5855284d3992222c4830c4c9cd,,False
train_6.parquet,1000,0,0,True,427,640,JPEG,RGB,23659,995df29a4328edc3f0a4d49d99df2eb8f1c3276439ba37c022e89468d88f1275,,False
train_6.parquet,1135,5,1,True,320,320,JPEG,RGB,35714,d39574aac9e9f4ff1f19e578e23d36b2e5dbdb9aec3d7043d7d3353bdf4e5d49,,False
train_6.parquet,1139,0,0,True,640,425,JPEG,RGB,70024,bdf72e8fb2cfc10faffc99278ee0d60e886aa6f8373f47748380e63393e35501,,False
train_6.parquet,1144,3,1,True,320,320,JPEG,RGB,32525,1a2cc830125505b8a4d2f03122dea12dcc996072249633b1beaf33444aed2a2a,,False
train_6.parquet,1187,4,1,True,270,270,JPEG,RGB,14878,cdf7f7917044ced3ac2356886e0d2418c96b6fb9b0b6d83c3c13bb5878124062,,False
train_6.parquet,1243,5,1,True,320,320,JPEG,RGB,29151,a182fb4e2507615448615fb5b6d96a41b637ac6ec29e73c0ea9be53226454a22,,False
train_6.parquet,1250,4,1,True,270,270,JPEG,RGB,22253,7c10fe0558fb18198fa92800533e2009ab1d801c2fcdcce5dd5ea6c27da187c0,,False
train_6.parquet,1296,2,1,True,320,320,JPEG,RGB,26275,aba8236cd303b1a4046f91e3d334b16c0b1610f1eeae920ad8e3a657b8dcd4ee,,False
train_6.parquet,1358,5,1,True,320,320,JPEG,RGB,29423,f0c238cecef629679ff3b71acae4b35c1569828512ac1293a6093734fe61f56b,,False
train_6.parquet,1485,1,1,True,320,320,JPEG,RGB,16616,e17a4ffdcaa4247b242146ca5f009cf70015094c5b79a1cdd0acecfe4894dd34,,False
train_6.parquet,1577,3,1,True,320,320,JPEG,RGB,12993,aabd31ef6ce6c4101f2f42fe885159f6621c3aedf9c98b41bf47e06dddf12770,,False
train_6.parquet,1588,3,1,True,320,320,JPEG,RGB,40294,af38574b3d351cafceb9e1f68de11dbce1a8b8cff3b2ebb07450301348bf31a9,,False
train_6.parquet,1621,4,1,True,270,270,JPEG,RGB,15125,29e4c91d6ce10772bebead971fe9ca144bf2dac624748d991afa84a63e130a67,,False
train_6.parquet,1643,3,1,True,320,320,JPEG,RGB,17600,d5f7bfc4de1ada2bf1b6d4a6f0337d78e1315bd034bc14422e9ae7c51919d60f,,False
train_6.parquet,1654,2,1,True,320,320,JPEG,RGB,40039,1e93cef2b41cb3f215cda8267e49d3d84524a784ded8d3c1c533f283757f3155,,False
train_6.parquet,1682,0,0,True,640,416,JPEG,RGB,78164,1cb2edd392eb392f457b4cf50240baa2312e0ed08ed8983d835f421406a65486,,False
train_6.parquet,1718,3,1,True,320,320,JPEG,RGB,47440,2d159617e0c3f2e10424bfe796e8583122e214b8c1d8b55287c8eb63caa83018,,False
train_6.parquet,1723,2,1,True,320,320,JPEG,RGB,28120,4b8dd349e716a9a11ae1ddef7aeda97375525f756dbfdcb2c8d62ca0c34cf352,,False
train_6.parquet,1730,0,0,True,640,427,JPEG,RGB,48715,b2a4ac41db991da5d48a5edc0fbe9698df81fe0e66ee08cba14f5d276f9a5ef0,,False
train_6.parquet,1755,2,1,True,320,320,JPEG,RGB,6130,9bfca5c9c0dc3fa619f5e211acde2eeff17ce2a5d0c799556922592e2821efb2,,False
train_6.parquet,1827,5,1,True,320,320,JPEG,RGB,3465,22a0eff52167439f7693daa07d83e2d8711b18e5bc2e4dfe3ab18ffcda8366b6,,False
train_6.parquet,1830,0,0,True,512,400,JPEG,RGB,26634,947b065200ff90e6849d9953982bd71ee6be2c81a566805e21852cef99efcb8a,,False
train_6.parquet,1877,3,1,True,320,320,JPEG,RGB,11925,48922925613a06d021a62fe07fe6752e595464618e857d15984f5399ff99dfd6,,False
train_6.parquet,1883,1,1,True,320,320,JPEG,RGB,41712,4e3efa8628e961b1f4effecaf651de71504995178881dff8ca3f984317e8b289,,False
train_6.parquet,2199,4,1,True,270,270,JPEG,RGB,26014,db6c41090018f0cfe2b0a38209936079c00d2626219defba78a481abb25573e8,,False
train_6.parquet,2223,5,1,True,320,320,JPEG,RGB,27980,a6f2abffecc436841652ac3077656f677cbad1b7a655eb3e633d12f0e77007a0,,False
train_6.parquet,2351,5,1,True,320,320,JPEG,RGB,26097,bd472cde91261d6f8ddc1575c6e1b832806d727f6b1ab1bcd1f7150c9324d491,,False
train_6.parquet,2387,0,0,True,640,356,JPEG,RGB,29968,b7d3a4292cb9a8e8ba101b4e17eaabcac634cb83347e7ed3df96ed66cf4d497d,,False
train_6.parquet,2416,4,1,True,270,270,JPEG,RGB,27056,f14038e1c104d60e892411a406725ca8642ad14adc31f364ff86c89f6b38897a,,False
train_6.parquet,2478,5,1,True,320,320,JPEG,RGB,27794,d70a24ecf511511f6e0aee9ee1edf5747255d6d36ac77932c100ba7849604dbb,,False
train_6.parquet,2525,0,0,True,500,372,JPEG,RGB,47247,eb4685b070a152d7387bd949f9c3793483150a98a3d052755382905d3217a9e1,,False
train_6.parquet,2652,2,1,True,320,320,JPEG,RGB,29382,61713971a360803d0b71001b04f43736d7c68f14558c22ad89627fede23fbcbf,,False
train_6.parquet,2678,5,1,True,320,320,JPEG,RGB,26116,248a071e4db8cba9e71648b2c37a2d9854220eb750b82e815a0059ee5305bb7a,,False
train_6.parquet,2682,5,1,True,320,320,JPEG,RGB,32411,2308aeba7405928d73a22c355ea6ee94df6b2074a08944ce910a67e7a554b9d1,,False
train_6.parquet,2687,4,1,True,270,270,JPEG,RGB,19579,2fec4e09b6d6783e7bac89d139d18f322e08953e114b5234978487bc71b968ce,,False
train_6.parquet,2705,1,1,True,320,320,JPEG,RGB,24746,eda5fb524ce6516d928a21646ff9c3c773cc107bbd18d9ff7d70f05e236d7754,,False
train_6.parquet,2835,0,0,True,428,640,JPEG,RGB,45900,c9fae4cbfb23302b36ac7f761754394f3c80d92056829fd0a8dce424eb625ce9,,False
train_6.parquet,2907,0,0,True,640,426,JPEG,RGB,44551,3a025306c8bca6c58fa91b51e6f21cfe2d4247cc3a693a91d858b0579f204e08,,False
train_6.parquet,2939,4,1,True,270,270,JPEG,RGB,12370,96e3e50e7588e44bc70864a6549587bb966d9e62fc7b69588d14785f711c0b01,,False
train_6.parquet,3018,2,1,True,320,320,JPEG,RGB,40787,bcb347327afc9b49c8d33ede0fb2a25c4b7504baf99cae12974d636362401a22,,False
train_6.parquet,3044,5,1,True,320,320,JPEG,RGB,30226,5fa0deb8e635b5622c13541fca8f43dd8ca3431fc5e48333b2eb2d267f8d3678,,False
train_6.parquet,3094,5,1,True,320,320,JPEG,RGB,37206,5e4dcac2e7f7e035149d4e75787a62c75988812089de5d90985acb8f18280f64,,False
train_6.parquet,3131,1,1,True,320,320,JPEG,RGB,41511,98700a156b9e9ccaa57d1978be0a48d9577ab96e50d2a8fd1a042742e7069133,,False
train_6.parquet,3140,5,1,True,320,320,JPEG,RGB,37333,f76d7ed4ab17849244e51637af89b66ca72c0911c6334523460922ebc1aff469,,False
train_6.parquet,3145,5,1,True,320,320,JPEG,RGB,22641,63705f7e95ea740df421df6aea8f6820d000b622d936e2a27902438fca6b5e4c,,False
train_6.parquet,3211,1,1,True,320,320,JPEG,RGB,34445,75fe12e74409690b86a817109592154245704be0fa4a6260421a7ff0afefc092,,False
train_6.parquet,3247,5,1,True,320,320,JPEG,RGB,17103,19239057136cfa21abd47bb2a9a9e500235f63171e27f18a3495ab1a04764ed7,,False
train_6.parquet,3252,1,1,True,320,320,JPEG,RGB,35479,1efdb326e1f5523a600372a477094311323448239ebbe0e79914a016db76afad,,False
train_6.parquet,3254,1,1,True,320,320,JPEG,RGB,27804,9fc7137d0e16c765f27a0d4f82154a1830e4b0f4926236de96aed0ccc8061ad4,,False
train_6.parquet,3275,5,1,True,320,320,JPEG,RGB,34925,efa2023e31c73067ef7ec0981cd1ec5afd814cd62b00dbc4cc455cfdf6dfcee6,,False
train_6.parquet,3328,5,1,True,320,320,JPEG,RGB,27794,d70a24ecf511511f6e0aee9ee1edf5747255d6d36ac77932c100ba7849604dbb,,False
train_6.parquet,3370,4,1,True,270,270,JPEG,RGB,18268,3ac08ab8b64a8df82ad34de25612edec1c88141a3ca7bac35aabdebf9e7c5ef9,,False
train_6.parquet,3425,3,1,True,320,320,JPEG,RGB,25300,34afa9886f18b8526eb433df723d875322f6e84feca5b95fb63d670ed7e65a90,,False
train_6.parquet,3552,5,1,True,320,320,JPEG,RGB,28205,b3fa4432826f7097391b2e15d8f9b918ee2489ab3a1351cc8e734e6cb79a2915,,False
train_6.parquet,3606,0,0,True,640,431,JPEG,RGB,65273,afef7411c1886d79182b7d5683e6e3d8e8f50014aa46e7c73ecb67be3c093359,,False
train_6.parquet,3814,4,1,True,270,270,JPEG,RGB,12278,45bb5b4a4927b708d7ad8b130fadf116c1ce6be8506242e25290aa8a6c1019af,,False
train_6.parquet,3840,1,1,True,320,320,JPEG,RGB,44443,9c1e1dd23072d5a1bc61ea579d47b337b19af3e6ef298a2d86847cc9ee6ad634,,False
train_6.parquet,3852,0,0,True,640,511,JPEG,RGB,28019,332f714b2fb1a39f0869901c1678379c3cb15f78dc9e8f7a552fd4e17b6ca855,,False
train_6.parquet,3912,4,1,True,270,270,JPEG,RGB,15455,b9f82b1edd5065936e0e178567f9390e154aeb41c4e3fe6c53713d027b649dab,,False
train_6.parquet,3967,3,1,True,320,320,JPEG,RGB,13292,705de518bab92ec802ece7b50aaf387e92c380d8ab9ab63087b8377910cf70da,,False
train_6.parquet,3971,4,1,True,270,270,JPEG,RGB,17650,b3b5fc6bf62775a21eb7a3d10c74c966c684dec2f3fc5a0510740c2c520e5361,,False
train_6.parquet,4062,4,1,True,270,270,JPEG,RGB,17805,5e7629f6cbbffe17b007cbb1e542c78a51524d3bad76227fdae32d6390661654,,False
train_6.parquet,4101,0,0,True,640,480,JPEG,RGB,56152,c41f6adf513ee9af1b92f07758c46fe21b812bab52f57dac26f7e9e910fdf40e,,False
train_6.parquet,4231,2,1,True,320,320,JPEG,RGB,23851,192b19246865980005bede606b1787c9bc130dd52ca3febae041d2df792f1106,,False
